peptide,1me,1ml,1mea,1mla,1meaj,1mlaj,1meajh,1mlajh,1meajht,1mlajht
LPRRSGAAGA,0.6391866282595512,0.6569489084293513,0.704634627046695,0.7266191631291692,0.822085354760461,0.8251857186173438,0.8309149484536082,0.8352380230442693,0.8273173135233475,0.8209604305639782
GILGFVFTL,0.6911769527087943,0.6907036308499304,0.6633493156298664,0.7133185804442258,0.7736066715842964,0.7961068764855339,0.8828948446848619,0.8944492254733218,0.8765592984181625,0.8868801737562495
NLVPMVATV,0.7617537313432836,0.7061048922056385,0.7222014925373135,0.7120335820895523,0.7847844112769486,0.8200559701492537,0.8901741293532338,0.8916977611940299,0.8848051409618574,0.8862769485903814
GLCTLVAML,0.6774753615179147,0.6830984618218661,0.7045086119554205,0.6989730128028001,0.8183245832182001,0.8148429584599797,0.8620567375886525,0.8733582020816063,0.8612600165791655,0.8710555402044764
SSYRRPVGI,0.9372950819672131,0.9521982116244412,0.9680514157973175,0.9707712369597615,0.9690201192250373,0.9719076005961251,0.9743852459016393,0.9745715350223547,0.9757265275707899,0.9752608047690015
RFYKTLRAEQASQ,0.9547544409613374,0.8881574364332985,0.9246603970741901,0.9229885057471264,0.9819226750261233,0.9788227098571927,0.9825844653430861,0.9833507488679902,0.9836293974225009,0.9824451410658307
SSLENFRAYV,0.9383399209486166,0.921588556371165,0.9393939393939393,0.9406173536608319,0.9778656126482214,0.9617541878411444,0.9898174289478637,0.9797666102013928,0.9811970638057593,0.9765857331074722
WEDLFCDESLSSPEPPSSSE,0.8579334671288694,0.8381986255549474,0.8974943745058688,0.9287538770297392,0.985464939487928,0.9906647205497782,0.9888098278902876,0.9861947333211701,0.9909079851608588,0.986863711001642
CRVLCCYVL,0.6473944141689373,0.690650544959128,0.7516604223433242,0.736319255222525,0.8673365122615805,0.8915900317892824,0.8771997048138056,0.8926969800181653,0.875823115349682,0.8873041553133515
ASNENMETM,0.8904079054907497,0.8968719815736681,0.8846496767961958,0.9140723679322386,0.9683111672486813,0.9681997176610446,0.9771156846719667,0.9847685563563415,0.9706516085890481,0.980124823538153
ELAGIGILTV,0.6874316939890711,0.6902550091074682,0.7734972677595627,0.7442622950819672,0.8051001821493624,0.852367941712204,0.8744990892531876,0.8706739526411658,0.8735883424408014,0.8681238615664845
LLWNGPMAV,0.6654905913978495,0.6778673835125448,0.9245071684587813,0.9463485663082437,0.972614247311828,0.9801747311827956,0.9804547491039426,0.9850470430107526,0.977766577060932,0.9847110215053763
VTEHDTLLY,0.683445945945946,0.655518018018018,0.8032657657657657,0.7938063063063063,0.8663288288288289,0.8548423423423424,0.908445945945946,0.8878378378378379,0.9131756756756757,0.8469594594594594
TPRVTGGGAM,0.7201638542430913,0.6547444362924921,0.8129126925898752,0.7582538517975055,0.8997309855710444,0.8678772315969674,0.9221080948887259,0.8944729762778185,0.9103081438004402,0.9010760577158229
HGIRNASFI,0.8823070058009816,0.9364123159303882,0.9443328871039715,0.9485720660419455,0.9798081213743864,0.9784694332887105,0.9762382864792503,0.9704373047746542,0.967536813922356,0.9766845158411422
EAAGIGILTV,0.8444341372912801,0.8292671614100185,0.7799165120593692,0.8386363636363636,0.9144712430426716,0.9218460111317254,0.925139146567718,0.9155844155844156,0.9179035250463823,0.920964749536178
FRCPRRFCF,0.68681592039801,0.6661194029850747,0.7579601990049751,0.7450248756218905,0.8597512437810945,0.8911940298507461,0.881044776119403,0.9014427860696517,0.9092039800995024,0.9081094527363185
VEALYLVCG,0.7936827956989246,0.9097222222222222,0.827844982078853,0.9689740143369177,0.959005376344086,0.9699820788530465,0.9680779569892473,0.9750224014336917,0.9705421146953406,0.9792786738351255
LSLRNPILV,0.8788720358897671,0.9062166203802606,0.9030121768852809,0.9500106814783166,0.9720145268105106,0.9803460798974578,0.9916684469130528,0.9972228156376843,0.9805597094637898,0.9910275582140569
SFHSLHLLF,0.7114512471655329,0.5892857142857142,0.6911848072562359,0.7453231292517006,0.8435374149659864,0.7689909297052154,0.8982426303854875,0.8764172335600907,0.8866213151927438,0.8606859410430839
